,Algorithm,ProofType,TotalCoinsMined,TotalCoinSupply,PC 1,PC 2,PC 3,CoinName,Class
42,Scrypt,PoW/PoS,41.99995383,42,-0.3453685427970782,1.022986687430543,-0.41343963760101743,42 Coin,0
404,Scrypt,PoW/PoS,1055184902.04,532000000,-0.32866865502134474,1.023055079626877,-0.4138578057158996,404Coin,0
1337,X13,PoW/PoS,29279424622.5027,314159265359,2.3167355779107597,1.6218114803046724,-0.5220333542429567,EliteCoin,0
BTC,SHA-256,PoW,17927175.0,21000000,-0.13956615808618117,-1.2970461074874415,0.16122082892597478,Bitcoin,3
ETH,Ethash,PoW,107684222.6865,0,-0.15559554075169965,-1.9682181339194726,0.3027058436255701,Ethereum,3
LTC,Scrypt,PoW,63039243.3000049,84000000,-0.1776721924212357,-1.1232705678955004,0.023662842475314052,Litecoin,3
DASH,X11,PoW/PoS,9031294.37563393,22000000,-0.38641313391630205,1.2921737224031795,-0.43233133448974326,Dash,0
XMR,CryptoNight-V7,PoW,17201143.1449131,0,-0.14258800268217842,-2.2063314152170004,0.3354396938713654,Monero,3
ETC,Ethash,PoW,113359703.0,210000000,-0.15403247809096843,-1.9683293670269892,0.3026771678317549,Ethereum Classic,3
ZEC,Equihash,PoW,7383056.25,21000000,-0.13594779611262678,-2.2143246293296808,0.22682937584529167,ZCash,3
BTS,SHA-512,PoS,2741570000.0,3600570502,-0.1912964671562458,1.6376235852570515,-0.2564028385529052,Bitshares,0
DGB,Multiple,PoW,11406219141.0,21000000000,0.16475811438403914,-1.8610364549421317,0.26269636375102423,DigiByte,3
BTCD,SHA-256,PoW/PoS,1288862.0,22000000,-0.3060899839935156,0.8491809637523929,-0.27590789936709914,BitcoinDark,0
XPY,SHA-256,PoS,11995334.8847328,12500000,-0.2648259804537923,0.6335945799484438,-0.06508716162078178,PayCoin,0
PRC,Scrypt,PoW,5768310.0,21000000,-0.17882130188619555,-1.1232558940852877,0.023689892543245807,ProsperCoin,3
KOBO,X15,PoW/PoS,25542535.5881841,350000000,-0.22356865601924633,1.8212094151344607,-0.5082092783894998,KoboCoin,0
SPR,X11,PoW,11149733.9976203,20000000,-0.22007415269324399,-0.8540576953182909,0.0048023416299448445,Spreadcoin,3
ARG,Scrypt,PoW,12205795.4449549,64000000,-0.17843667244752548,-1.1232768954760306,0.023682269539898264,Argentum,3
AUR,Scrypt,PoW/PoS,18135099.992959,16768584,-0.3450272947696406,1.0229837545641989,-0.41344779732254844,Aurora Coin,0
BLU,Scrypt,PoW/PoS,635423900.0,0,-0.3375905570571264,1.0232004777671513,-0.41365058296806956,BlueCoin,0
XMY,Multiple,PoW,1688254250.0,2000000000,-0.08933030733930561,-1.85406937907984,0.2683465017288034,MyriadCoin,3
MOON,Scrypt,PoW,88.0,384000000000,2.5520969754261777,-1.3301359200461103,-0.02529599829228221,MoonCoin,3
ZET,SHA-256,PoW,170204389.754849,169795588,-0.13664390490463277,-1.297075040614786,0.161151293318843,ZetaCoin,3
SXC,Scrypt,PoW,128940951.183046,250000000,-0.17568486593423807,-1.1233378316262432,0.023619786521761266,SexCoin,3
QTL,Scrypt,PoW,7357794.7925,100000000,-0.17823997080191264,-1.1232979224819832,0.023679286101052452,Quatloo,3
ENRG,Scrypt,PoW/PoS,123062801.128773,0,-0.3438621778400197,1.0230280922974866,-0.4134804914591517,EnergyCoin,0
QRK,Quark,PoW,259557164.91477,247000000,-0.22955315482256047,-0.44568251655453034,-0.020676397407840885,QuarkCoin,3
RIC,Groestl,PoW,49548585.1412917,84000000,-0.1990994507909777,-1.2798886774299139,0.12246536668833803,Riecoin,3
DGC,Scrypt,PoW,33442988.3440364,48166000,-0.17828933268238167,-1.1232612192019917,0.023677239396859347,Digitalcoin ,3
BTB,Scrypt,PoW/PoS,42579.476901,500000,-0.34536446624084916,1.0229864323778002,-0.4134397155067689,BitBar,0
CAT,Scrypt,PoW,7219956.64626131,21000000 ,-0.17880353282196315,-1.1232554056743025,0.02368941063162331,Catcoin,3
CBX,Scrypt,PoW/PoS,1039116.65144562,1000000,-0.34534871183203425,1.0229864982785628,-0.41344011012273374,CryptoBullion,0
CCN,Scrypt,PoW,4703879.51824446,13140000,-0.17889023416794336,-1.1232520174488057,0.02369124868244288,CannaCoin,3
CRYPT,X11,PoW,4996986.20575291,18000000,-0.22016369085852355,-0.8540586878802789,0.004804639352369784,CryptCoin,3
CSC,Scrypt,PoC,39999997299.8568,40000000000,0.696955173732664,0.5250762747378751,-0.3731746529272462,CasinoCoin,0
DMD,Groestl,PoW/PoS,3304487.74735637,4380000,-0.3665590668280304,0.8663718688509832,-0.31464324774917635,Diamond,0
XVG,Multiple,PoW,15929530669.1206,16555000000,0.18851193316824763,-1.8571197202938001,0.2617618239614802,Verge,3
DVC,SHA-256,PoW,18773857500.0,21000000000,0.23922794097622196,-1.3020385667363275,0.1523178251246196,DevCoin,3
EAC,Scrypt,PoW,12539015186.822,13500000000,0.0704607101962176,-1.126301185760925,0.01780951474836206,EarthCoin,3
EFL,Scrypt,PoW,20910478.8062499,21000000 ,-0.1786359522552566,-1.1232507994559588,0.023684865708956213,E-Gulden,3
EMC2,Scrypt,PoW,218871896.499999,299792458,-0.1742299139829811,-1.123334400988285,0.023583579128859018,Einsteinium,3
EMD,Scrypt,PoW,19496786.31025,32000000,-0.17857502100599448,-1.1232572016164089,0.023683931647451667,Emerald,3
EXCL,PoS,PoS,5679705.0,0,-0.3595380566605959,1.5418748516576926,-0.10733708739204138,Exclusive Coin,0
FLT,Scrypt,PoS/PoW/PoT,461829905.32893,0,-0.3405680292018564,0.11860620187852629,-0.029297817276217004,FlutterCoin,0
FRK,Scrypt,PoW,1142732.14912776,11235813,-0.17894736806616868,-1.1232521896804488,0.023692673832363058,Franko,3
FTC,NeoScrypt,PoW,208669093.00773,336000000,-0.17619945044066457,-1.6299386147887986,0.23865927301891085,FeatherCoin,3
GDC,Scrypt,PoW,884125802.0,1420609614,-0.1581151577116695,-1.1237144419409302,0.023219737734622,GrandCoin,3
GLC,Scrypt,PoW,65672720.4708748,70000000,-0.17773952975955126,-1.1232621390113078,0.023663754335938186,GlobalCoin,3
GLD,Scrypt,PoW,41658647.9999715,72245700,-0.17801750486844356,-1.1232714285457925,0.023671439922915725,GoldCoin,3
HBN,Scrypt,PoW/PoS,89266933.684704,120000000,-0.34342237972562384,1.022952068636462,-0.41348458157402357,HoboNickels,0
HYP,X11,PoS,1678520090.7713,0,-0.32493349994853205,1.0771521757016005,-0.22205967766516166,HyperStake,0
IFC,Scrypt,PoW,90595753018.6314,90600000000,1.5742854248010847,-1.1415782681624624,-0.017939807576878453,Infinite Coin,3
IOC,X11,PoW/PoS,17650913.9743456,22000000,-0.3863076243732574,1.2921766225007392,-0.43233419599524436,IOCoin,0
IXC,SHA-256,PoW,21089348.999,21000000,-0.13952745109570835,-1.2970450435642578,0.1612197791605745,IXcoin,3
KGC,Scrypt,PoW,151447649.8,265420800,-0.17529969188547692,-1.1233385675116465,0.023610347465238848,KrugerCoin,3
LKY,Scrypt,PoW,19326319.14375,20000000,-0.17866245570098607,-1.1232507936768779,0.023685519191087058,LuckyCoin,3
LTB,Scrypt,PoW,1104344.22938102,1350000,-0.17901814921342546,-1.1232468763724452,0.02369394780219531,Litebar ,3
MAX,SHA3,PoW/PoS,61445805.0,100000000,-0.4421673359276616,2.0443853067333504,-0.5414963298156414,MaxCoin,0
MEC,Scrypt,PoW,38151999.9930997,42000000,-0.17827554611351795,-1.1232563127570898,0.023676462773241563,MegaCoin,3
MED,HybridScryptHash256,PoW,40431856.9,200000000,-0.14684176500109486,-2.2218044229951546,0.31189980632479525,MediterraneanCoin,3
MINT,Scrypt,PoS,21293925445.4969,0,-0.04351704124202569,0.8145559898481078,-0.2096856264495992,MintCoin,0
MINC,Scrypt,PoW,5804204.88794916,10000000,-0.178899098241205,-1.1232499554890862,0.02369128400027587,MinCoin,3
MZC,SHA-256,PoW/PoS,1613836099.99999,2419200000,-0.2693016962635741,0.8484319600586102,-0.2767490594080072,MazaCoin,0
NAUT,Scrypt,PoS,16180000.0,16180000,-0.3038548957997766,0.8073883094915582,-0.20262399315286958,Nautilus Coin,0
NAV,X13,PoW/PoS,66087096.2077108,0,-0.2752612221677215,1.7812435570748208,-0.47225498507798525,NavCoin,0
NOBL,Scrypt,PoW,2366066305.76482,15000000000,-0.043394047476883836,-1.1305320674589565,0.020995318971072447,NobleCoin,3
NMC,SHA-256,PoW,14736400.0,21000000,-0.13960521517081587,-1.2970471810335145,0.16122188818618877,Namecoin,3
NYAN,Scrypt,PoW,334709223.483138,337000000,-0.17254735988396977,-1.123315473636883,0.023540377018882005,NyanCoin,3
OPAL,X13,PoW/PoS,15156364.3306548,0,-0.27588464622788494,1.7812264212732265,-0.47223807730521644,OpalCoin,0
ORB,NeoScrypt,PoW/PoS,3220616.279225,3770000,-0.3474044758021216,0.5164044665092055,-0.19836426158104148,Orbitcoin,0
POT,Scrypt,PoW/PoS,222677226.014206,420000000,-0.33965565242957063,1.0228353225968372,-0.413567144384935,PotCoin,0
PXC,Scrypt,PoW/PoS,73959274.625,98000000,-0.34376622652276856,1.0229587713659396,-0.4134766930544354,PhoenixCoin,0
RDD,Scrypt,PoW/PoS,29315567169.0888,0,0.013472361222670952,1.03285000029801,-0.42317169777433256,Reddcoin,0
RPC,Scrypt,PoW,1104157.42169891,21000000,-0.17887839403528563,-1.1232574633537873,0.023691440929240984,RonPaulCoin,3
SBC,Scrypt,PoW,24215181.725,250000000,-0.17696677495052482,-1.1233730669339077,0.02365455294760618,StableCoin,3
SMC,Scrypt,PoW,25593737.1355044,51200000,-0.1783638335967314,-1.123265494748501,0.023679458082801964,SmartCoin,3
SUPER,X11,PoS,50707661.7493518,0,-0.344858943708797,1.0766044931965837,-0.2215192832579802,SuperCoin,0
SYNC,X11,PoW/PoS,1177.0,1000,-0.3866801325587687,1.2921825366921156,-0.4323255300899402,SyncCoin,0
SYS,SHA-256,PoW,563336541.299966,888000000,-0.1267236077447196,-1.2973297202987002,0.16092915486130885,SysCoin,3
TES,Multiple,PoS,80260463.7331396,100000000,-0.24765336097621385,0.07705138160511858,0.04281167346293642,TeslaCoin,0
TGC,SHA-256,PoW,43536800.0,47011968,-0.13906767429580588,-1.2970515056347127,0.16120900855809997,TigerCoin,3
TIT,PHI1612,PoS,1622326490.46336,2300000000,-0.3120210596801504,1.6438570543534714,-0.2981257044105739,TittieCoin,0
TOR,X11,PoW/PoS,1431851.00002479,10000000,-0.386591503933455,1.292177630840785,-0.43232728070544935,TorCoin,0
TRC,SHA-256,PoW,22935396.0,42000000,-0.1393554952014206,-1.2970557367200937,0.16121648715041723,TerraCoin,3
UNB,SHA-256,PoW,2278150.0,80000000,-0.13933808394310632,-1.2970831603442878,0.16121849684038442,UnbreakableCoin,3
UNO,SHA-256,PoW,200911.79151896,250000,-0.1399307196891008,-1.2970408919728729,0.161229360889471,Unobtanium,3
URO,X11,PoW,1207310.0,0,-0.22033810097420367,-0.8540502649879083,0.004808193862312056,UroCoin,3
USDE,Scrypt,PoW/PoS,1098952592.6,1600000000,-0.3205369328351092,1.0224943942587974,-0.4140085903181066,UnitaryStatus Dollar,0
UTC,Scrypt,PoW/PoS,50235211.141939,100000000,-0.3440423992417289,1.0229497117827606,-0.4134690723971811,UltraCoin,0
VIA,Scrypt,PoW,23150892.1679687,23000000,-0.17859430351400968,-1.123251123210939,0.023683866787060918,ViaCoin,3
VRC,Scrypt,PoST,32021108.4136696,0,-0.3292284742268549,0.35168783092913786,-0.18184116094756209,VeriCoin,0
VTC,Lyra2REv2,PoW,51173723.8166347,84000000,-0.19626144165693923,-1.2763325508520884,0.18545549426229516,Vertcoin,3
WDC,Scrypt,PoW,119606941.0,265420800,-0.17568944210557005,-1.123349280416184,0.023620917811459034,WorldCoin,3
XC,X11,PoW/PoS,6950831.0970606,5500000,-0.3865559536863751,1.292181912203786,-0.4323285387662872,X11 Coin,0
XCR,Multiple,PoS,100000000.0,0,-0.24812297060532817,0.0771119004806722,0.04281787835247719,Crypti,0
XJO,SHA-256,PoW,39195739.362088,45000000,-0.13913512139599182,-1.2970518822009252,0.16121070637102056,JouleCoin,3
XST,X13,PoW/PoS,33093725.4123502,0,-0.27566508169264203,1.7812324563536055,-0.47224403207582494,StealthCoin,0
ZCC,Scrypt,PoW/PoS,147990237.978331,1000000000,-0.33644471122423325,1.0224977047325499,-0.41361634615386655,ZCC Coin,0
BCN,CryptoNight,PoW,184066828814.0,184467440735,3.874325091212292,-2.337272985685506,0.21278167195950176,ByteCoin,3
XDN,CryptoNight,PoW,6906587610.38292,10000000000,0.4649011558109568,-2.3028804901683038,0.29385304207295243,DigitalNote ,3
BURST,Shabal256,PoC,1813033920.0,2158812800,0.13045884649826303,1.0695424255209096,-0.5639131465305917,BurstCoin,0
SJCX,Counterparty,PoS,51173144.0,500000000,-0.36928707008946193,1.4870910310933014,-0.03104045562192624,StorjCoin,0
MONA,Scrypt,PoW,68194674.8711679,105120000,-0.17745887410617459,-1.123280212251644,0.02365843651989494,MonaCoin,3
NTRN,SHA-256,PoW/PoS,39121694.0,68000000,-0.30529971883007273,0.8491689090992552,-0.27592632760532204,Neutron,0
FAIR,Groestl,PoW/PoS,53193831.0,0,-0.36597954206251976,0.8663910141063808,-0.31465925100835784,FairCoin,0
NLG,Scrypt,PoW,415032420.0,1680000000,-0.16201228213414082,-1.1240120227737715,0.023342372540009895,Gulden,3
RBY,Scrypt,PoS,27184490.3918338,0,-0.3038352715922352,0.8074007293572932,-0.20262558214337556,RubyCoin,0
PTC,Scrypt,PoW,137517654.41397,166386000,-0.17617457284217033,-1.1232898968788376,0.02362760668638696,PesetaCoin,3
KORE,X13,PoW/PoS,2022464.886973,12000000,-0.2759600653137903,1.7812155370385752,-0.4722352481204997,Kore,0
WBB,Scrypt,PoW,181919.2435974,2628000,-0.17902035070357464,-1.1232478752789554,0.023694090978552275,Wild Beast Coin,3
NOTE,Scrypt,PoS,174646113.934655,500000000,-0.2984740793657188,0.8071809560357628,-0.2027383255344037,Dnotes,0
FLO,Scrypt,PoW,152270664.860648,160000000,-0.17603940615128297,-1.1232814925692218,0.02362352376524298,Flo,3
8BIT,Scrypt,PoW/PoS,1467841.0,0,-0.34535057631663857,1.022987181298668,-0.41344012486947396,8BIT Coin,0
STV,X13,PoW/PoS,7096834.0,10000000,-0.27591217653571315,1.7812183218746471,-0.47223667752970006,Sativa Coin,0
ABY,Scrypt,PoW,792537250.0,1000000000,-0.16222777719228876,-1.1235186434661655,0.02330380403865048,ArtByte,3
FLDC,Stanford Folding,PoW,719416990.0,1000000000,-0.12325194156640248,-2.117619841906819,0.3420483903837467,Folding Coin,3
U,X11,PoS,2689812.0,20000000,-0.3453044654836525,1.0765775619535953,-0.22150589407947405,Ucoin,0
UIS,Multiple,PoW,65113302.0,0,-0.12342324759514321,-1.853537940895009,0.2691405040927121,Unitus,3
CYP,QuBit,PoW,6365285.0,0,-0.17849268995720396,-1.6559693184077449,0.17099934368820705,CypherPunkCoin,3
OMC,Scrypt,PoW,10140044.4430293,3371337,-0.17889317014869888,-1.1232449253280676,0.02369069028704172,OmniCron,3
VTR,Scrypt,PoW/PoS,11604722.0,20000000,-0.3450842477601658,1.0229798163939432,-0.4134460416568687,Vtorrent,0
GRE,Scrypt,PoW,4610340640.89,10000000000,-0.0514844197200575,-1.1270831020578995,0.02088817104046365,GreenCoin,3
XCN,M7 POW,PoW,708506520.0,1840000000,-0.1217538391646927,-2.021138149556623,0.3652838506937841,Cryptonite,3
MSC,Scrypt,PoW,619478.0,619478,-0.1790292800000222,-1.1232466459205723,0.02369420196562126,MasterCoin,3
SOON,SHA-256,PoW,12462620.0,21000000,-0.13963304766226606,-1.2970479460537983,0.16122264302622663,SoonCoin,3
1CR,Scrypt,PoW,88213.0,92000000000,0.4752950151185057,-1.1728137428682408,0.01195715368830895,1Credit,3
ISL,X11,PoW/PoS,1513704.0,0,-0.3866616253932111,1.2921830461252568,-0.4323260320847903,IslaCoin,0
NXS,SHA3,PoW/nPoS,63657220.0,78000000,-0.4842700448488588,2.291073706185772,-0.48863327371999676,Nexus,0
MARS,X11,PoW,32221574.820996,33000000,-0.21972375975331643,-0.8540576097007616,0.004793687755733135,MarsCoin ,3
CTO,Lyra2RE,PoW,13742738.0,65789100,-0.14760148057876413,-2.178711228852324,0.29898499315034827,Crypto,3
ACP,SHA-256,PoW,14747200.0002,53760000,-0.13937208274068533,-1.2970648276517147,0.16121770510010547,Anarchists Prime,3
DRZ,QUAIT,PoW/PoS,8568038.35935056,5060000,-0.3884604373260779,1.9091131863418704,-0.5276398704963923,Droidz,0
BSC,X11,PoW,15863837.5,21000000,-0.22000933677438025,-0.854056648018127,0.004800649082061844,BowsCoin,3
SQL,X11,PoS/PoW,329200.01639,0,-0.28395473174293606,0.7709361891856668,-0.2970901190458071,Squall Coin,0
SONG,Scrypt,PoW,32565300.0,210240000,-0.1771473508780784,-1.1233488358376593,0.023656853466491882,Song Coin,3
ZNY,Scrypt,PoW,75614500.0,250000000,-0.1763376150993374,-1.1233557734749764,0.023637489615471987,BitZeny,3
DIGS,Scrypt,PoS,100000000.0,100000000,-0.3022327302269872,0.8073713509119717,-0.2026625130725112,Diggits,0
EXP,Ethash,PoW,10495278.0,16906397,-0.15666495028218053,-1.9682599421744462,0.3027359510998581,Expanse,3
CON,X13,PoW/PoS,23042604.0,50000000,-0.27543249675581477,1.7812021358989596,-0.4722470743156869,Paycon,0
SC,Blake2b,PoW,33098296530.0,0,0.3731105572026335,-2.2338567688864934,0.3260549698326043,Siacoin,3
EMC,SHA-256,PoW/PoS,43059794.804778,1000000000,-0.29862281389865303,0.8486680962720566,-0.27604653894909015,Emercoin,0
EGC,X15,PoW/PoS,13530556.4180753,26298000,-0.22601796858388054,1.821379776043099,-0.5081639929995727,EverGreenCoin,0
MND,X11,PoW,15867695.0,16000000,-0.22004485125203746,-0.8540539528478702,0.004801285698403984,MindCoin,3
I0C,SHA-256,PoW,20997476.8650231,21000000,-0.13952857566817511,-1.2970450744749202,0.16121980965990385,I0coin,3
DCR,BLAKE256,PoW/PoS,10365046.9281661,21000000,-0.0620310430540031,0.8846934201356476,-0.3576343891610522,Decred,0
RVR,Scrypt,PoW,210000000.0,210000000,-0.17497714596994526,-1.1232890080805131,0.023597980051019686,Revolution VR,3
HODL,1GB AES Pattern Search,PoW,11448949.0,81962100,-0.1664287541745511,-2.1339510888807847,0.19190013569207065,HOdlcoin,3
EDRC,SHA-256,PoW/PoS,3669691.84494672,22000000,-0.30606084114490956,0.849181764789927,-0.27590868974509924,EDRCoin,0
HTC,X11,PoW/PoS,10996318099.0,26550000000,-0.06324572758526936,1.2815778195387895,-0.4393632743141228,Hitcoin,0
GAME,Scrypt,PoW,69836100.0,84000000,-0.17758899463781158,-1.1232682810721322,0.023660586083070402,Gamecredits,3
DBIC,SHA-256,PoW/PoS,5129014.0,10500000,-0.3061247700281506,0.8491884516898552,-0.2759077070418456,DubaiCoin,0
DIEM,SHA-256,PoW,21739971929.0,21626280000 ,0.2799893552800643,-1.301378032081747,0.15125324636068577,CarpeDiemCoin,3
PWR,NIST5,PoW/PoS,10069449031.9252,0,-0.2259669525060218,1.4696511681156497,-0.45266064707618797,PWR Coin,0
BLRY,Scrypt,PoW/PoS,8998743.2411911,42000000,-0.3449596751106627,1.0229670865658513,-0.4134479832813989,BillaryCoin,0
GPU,Scrypt,PoS,40477042.0,221052632,-0.3021003611401193,0.8072861041608396,-0.20265819670889312,GPU Coin,0
ADZ,X11,PoW,45110324.0,84000000,-0.21920326409220178,-0.8540807507397755,0.004782902453551692,Adzcoin,3
SOIL,Dagger,PoW,5702048.0,30000000,-0.1497413616087378,-2.2566604905218197,0.3464351140900031,SoilCoin,3
YOC,Scrypt,PoW,636462.55983338,168351300,-0.17783610648991624,-1.1233370098308797,0.023672797203993217,YoCoin,3
SIB,X11GOST,PoW,17263355.0,24000000,-0.15996876768605764,-2.003709368379007,0.30394900610522313,SibCoin,3
ERC,X11,PoW/PoS,10407269.7881868,384000000,-0.38382162433412736,1.2919791489933676,-0.4323779750187237,EuropeCoin,0
ZEIT,Scrypt,PoS,36971236046.8073, 99000000000,0.8525046387662011,0.7664919959765749,-0.22752047428079084,ZeitCoin,0
SWING,SHA-256,PoW/PoS,4377081.60953993,40000000,-0.30592416014595136,0.8491723048527908,-0.27591122101039467,SwingCoin,0
SAFEX,Scrypt,PoC,2147483647.0,2147483647,-0.03560323835165358,0.5327346496755371,-0.35577933184625526,SafeExchangeCoin,0
NEBU,PoS,PoS,20000000.0,20000000,-0.35922052049635633,1.5418688942754917,-0.10734439297183573,Nebuchadnezzar,0
FRN,Scrypt,PoW,6570807.65677618,20000000,-0.178818591151383,-1.1232550853080014,0.023689753712795705,Francs,3
BOLI,X11,PoW,13654082.4987998,25000000,-0.22000793620304235,-0.854059546594914,0.004800872349795193,BolivarCoin,3
XRA,X11,PoW/PoS,134554941.15119,75000000,-0.3844996918780171,1.292187400173394,-0.43237976701604325,Ratecoin,0
REV,SHA-256,PoW/PoS,1195525.0,222725000,-0.30466350221601807,0.8490727868418089,-0.27593347675408436,Revenu,0
CKC,SHA-256,PoW/PoS,16662820.0,525000000,-0.30232429051278203,0.8489151328055589,-0.2759771755818628,Clockcoin,0
VIP,NIST5,PoW/PoS,83450403.0,90000000,-0.34756172022747145,1.4662428584194576,-0.4493570188846756,VIP Tokens,0
BSD,X11,PoW/PoS,24387724.5010828,139000000,-0.38539301790916713,1.2921158525074823,-0.432351359241986,BitSend,0
OMNI,Scrypt,PoW,616448.0,616448,-0.1790293386395077,-1.1232466453075387,0.023694203358073672,Omni,3
LIR,POS 3.0,PoS,38589808.6658096,33500000,-0.37150469870347025,1.5453882685947662,-0.12706173116516345,Let it Ride,0
PUT,Scrypt,PoW/PoS,813092338.575672,2000000000,-0.3211911057316123,1.0221827059048156,-0.413964723373745,PutinCoin,0
IBANK,Scrypt,PoW/PoS,4526324.0,44333333,-0.3449978248679051,1.0229643246663553,-0.4134467962314363,iBankCoin,0
FRWC,Scrypt,PoW/PoS,100000000.0,100000000,-0.3434332470544412,1.0229664552992355,-0.41348559310503064,Frankywillcoin,0
MUDRA,X13,PoS,5000000.0,200000000,-0.23338598182664053,1.5655201448503373,-0.26143714148262176,MudraCoin,0
PIZZA,X11,PoW,1377917.0,25000000,-0.22015820415829127,-0.854063676948604,0.004804947740214142,PizzaCoin,3
LC,X11,PoS,657000000.0,657000000,-0.3327647388814773,1.0764545072890854,-0.22180437732727587,Lutetium Coin,0
KMD,Equihash,dPoW/PoW,115898131.0,200000000,-0.19960186968363347,-2.2059207065778033,0.008096401773157352,Komodo,3
GB,X11,PoW/PoS,15563873.0,50000000,-0.3861340255651723,1.2921608346239963,-0.432337075370911,GoldBlocks,0
CTC,Scrypt,PoW/PoS,43165500.0,90000000,-0.34420006032617856,1.022952720901452,-0.4134654496299706,CarterCoin,0
KRB,CryptoNight,PoW,7822432.72439746,10000000,0.30940368043309435,-2.299819243925294,0.29741778355868187,Karbo,3
BXT,SHA-256,PoW/PoS,595429.0,21000000,-0.30610558438696295,0.8491812692192027,-0.2759075415847046,BitTokens,0
ZYD,SHA-256,PoW,6243840.0,9736000,-0.13978928281324893,-1.297043969625763,0.16122614456519818,ZayedCoin,3
MST,X11,PoW/PoS,657636.34549789,3000000,-0.3866507671800019,1.292181141775225,-0.4323261306291703,MustangCoin,0
ZNE,Scrypt,PoW/PoS,2581970.0,21000000,-0.34518757955714174,1.022976241886767,-0.41344317390053426,ZoneCoin,0
COVAL,Multiple,PoW,1000000000.0,1200000000,-0.10344484180771625,-1.8538699247596424,0.268677049025492,Circuits of Value,3
ROOT,Scrypt,PoW/PoS,1939889.0,0,-0.34534479815343705,1.0229873401206715,-0.4134402815780078,RootCoin,0
DOPE,Scrypt,PoW,116845228.0,200000000,-0.1761885421212519,-1.1233149625456689,0.023630180979079773,DopeCoin,3
BTCR,Scrypt,PoS,169598616.0,0,-0.3020920334894412,0.807448645028455,-0.20267286019311276,BitCurrency,0
DLC,SHA-256,PoW,9106714.0,10638298,-0.13974782199282945,-1.2970434925381231,0.16122507904555555,DollarCoin,3
SCN,Scrypt,PoW/PoW,665200057.0,3100000000,-0.2615742426681621,0.2784482446851753,-0.1277091953017869,Swiscoin,0
SH,Scrypt,PoW,11119200.0,30000000,-0.1786917925883332,-1.1232589427321684,0.02368696796252456,Shilling,3
BUZZ,SHA-256D,PoW/PoS,19577787259.0,20000000000,0.03571934120117316,1.9115951965978084,-0.5697066813396159,BuzzCoin,0
XPO,PoS,PoS,74033806.7949683,74000000,-0.3581750465400601,1.541857980294396,-0.10736922017746488,Opair,0
PSB,Scrypt,PoW/PoS,33522957.0,0,-0.3449582016181171,1.0229979663411684,-0.4134507663937056,PesoBit,0
HALLO,X11,PoW/PoS,264678458.288619,1500000000,-0.3727718151975456,1.2914634270005687,-0.43260476550825094,Halloween Coin,0
XZC,Lyra2Z,PoW,7568281.24956067,21400000,-0.15481612615721668,-2.1822800465828402,0.29778633380119274,ZCoin,3
CFC,PoS,PoS,148716816.0,39999898,-0.35750269998485074,1.5419014260100503,-0.1073896754203797,CoffeeCoin,0
ROYAL,X13,PoS,2500124.0,2500124,-0.23482126797982625,1.5656257116519232,-0.2614111146709038,RoyalCoin,0
GNJ,X14,PoW/PoS,100000000.0,100000000,-0.43035773592977433,1.8361661845978525,-0.5525658711500417,GanjaCoin V2,0
TEAM,PoS,PoS,17818682.1654,301000000,-0.35724865388489463,1.5417167647361167,-0.10737951863497382,TeamUP,0
LANA,SHA-256D,PoW/PoS,1082162635.53683,7506000000,-0.27954025512680597,1.9121037350572254,-0.5619726038490248,LanaCoin,0
ELE,Ethash,PoW,26205539.0,26205539,-0.1564065081950105,-1.9682596665491237,0.3027295492938385,Elementrem,3
ZCL,Equihash,PoW,5613550.0,21000000,-0.13596945597751006,-2.214325224685507,0.22682996327862529,ZClassic,3
ARK,DPoS,DPoS,108202084.0,125000000,3.6495923715818486,2.0109054172844925,0.13442014292507865,ARK,0
INSANE,X11,PoW/PoS,18342813.0,30000000,-0.38624225638239407,1.292172545096475,-0.43233544632411064,InsaneCoin,0
KLC,Scrypt,PoW,196297971.0,10000000000,-0.10551506686725236,-1.1285682203083778,0.022353526587172674,KiloCoin,3
ATX,X11,PoW,824000000.0,500000000,-0.20671043348042478,-0.8540428210922711,0.004471256869611671,ArtexCoin,3
EMB,X13,PoW/PoS,92192822723.0,850000000,0.8584732165409809,1.8117819226985816,-0.5029472784958421,EmberCoin,0
XEN,X11,PoW/PoS,3853326.77707314,3853326.77707314,-0.3866055807779376,1.2921817572244236,-0.43232730038811057,XenixCoin,0
FRE,PoS,PoS,50000000.0,50000000,-0.35863993152971757,1.5418628246335504,-0.10735817962883024,FreeCoin,0
PLNC,Scrypt,PoW/PoS,17089600.0,38540000 ,-0.3448852466495292,1.022971672919219,-0.4134502278257293,PLNCoin,0
ARCO,Scrypt,PoW/PoS,2449577.41533168,42000000,-0.3450398410026374,1.0229648830788396,-0.41344580911653767,AquariusCoin,0
KURT,X11,PoW,61364813.0,228000000,-0.2179801221241991,-0.8541528653916999,0.004759134923982891,Kurrent,3
XCRE,PoS,PoS,20000000.0,20000000,-0.35922052049635633,1.5418688942754917,-0.10734439297183573,Creatio,0
ENT,X11,PoW/PoS,6069482.07721352,60000000,-0.38617911946541605,1.292152252462152,-0.43233519925633607,Eternity,0
EUC,SHA-256,PoW/PoS,12416554.0,20000000,-0.305967998751622,0.8491857852475929,-0.27591133833328163,Eurocoin,0
BCF,Scrypt,PoW/PoS,20244023.640728,33000000,-0.34488603688732683,1.0229757190453752,-0.4134505682283756,BitcoinFast,0
XSN,X11,TPoS,75590369.0,76500000,-0.3608408300316573,0.9766094747822749,-0.3220530080613433,Stakenet,0
BCCOIN,Scrypt,PoW/PoS,11080722.3769581,28000000,-0.34503376313037687,1.0229753298968334,-0.41344688833675325,BitConnect Coin,0
MONEY,Scrypt,PoW/PoS,10914418.0,650659833,-0.34060723087736144,1.0226398007168198,-0.41352627168801576,MoneyCoin,0
XNG,X11,PoW/PoS,814671.0,5000000,-0.38663462029911777,1.2921801170610618,-0.43232643791965825,Enigma,0
XCI,CryptoNight,PoW,978145.0,21000000,0.30939813779514475,-2.2998274732262347,0.2974186523236194,Cannabis Industry Coin,3
RC,Scrypt,PoW/PoS,8377873.0,144000000,-0.3442418163554961,1.0229119226754075,-0.4134607902650307,Russiacoin,0
PND,Scrypt,PoS,33813143821.8337,32514916898,0.3409831506872873,0.8012499120534394,-0.21798993774512737,PandaCoin,0
UNITS,Scrypt,PoW/PoS,3472983.0,13000000,-0.3452335717133067,1.0229808518666574,-0.41344244906022576,GameUnits,0
GAKH,Scrypt,PoW/PoS,3315789.0,3315789,-0.3453043732596011,1.0229860165839768,-0.41344116136990405,GAKHcoin,0
ASAFE2,Quark,PoS,10517772.7391666,15000000,-0.3593783737106302,1.484996792692545,-0.24687516812630705,Allsafe,0
LTCR,QuBit,PoW/PoS,30227750.0,78835200,-0.34396717063081594,0.490229443824341,-0.26615276005203103,LiteCreed,0
OS76,Scrypt,PoW,894026.0,2714286,-0.179011020375529,-1.1232476821771387,0.023693843567994786,OsmiumCoin,3
BIC,CryptoNight,PoW,9357088.0,25000000,0.3095291506625654,-2.2998268092029694,0.29741536039938293,Bikercoins,3
HXX,Lyra2RE,PoW,1876146.443596,9999999,-0.14814352610097298,-2.17868516365984,0.2989960501114627,HexxCoin,3
KED,Scrypt,PoW/PoS,23965372.0,500000000,-0.34151902285784563,1.0227253634233422,-0.4135113832002431,Klingon Empire Darsek,0
IOP,SHA-256,PoW/PoS,2526078.47525448,21000000,-0.30608195202806554,0.8491819187921643,-0.2759081825136962,Internet of People,0
KUSH,X11,PoW/PoS,5659096.95728771,9354000,-0.38654435436618284,1.2921794011590193,-0.43232860163271497,KushCoin,0
PRX,Scrypt,PoW/PoS,11821728.0,20000000,-0.3450815914707975,1.02297988940628,-0.4134461136976192,Printerium,0
PAC,X11,PoW,536982074.0,100000000000,0.4974540352058783,-0.9077474497020448,-0.008127609197318492,PacCoin,3
IMPCH,Scrypt,PoW/PoS,308179.0,21933333,-0.3452087740023797,1.0229749740067826,-0.4134425381308976,Impeach,0
CTL,CryptoNight-V7,PoW,10969318.522954,185000000,-0.14134850137172128,-2.2064331852119863,0.33541816049986983,Citadel,3
ZBC,Scrypt,PoS,2922613.96424908,55000000,-0.30374107350225266,0.8073629337779673,-0.20262454465276758,Zilbercoin,0
FRST,Scrypt,PoW/PoS ,110000000.0,110000000,-0.3333077378278813,0.31102000808972663,-0.15716321854603385,FirstCoin,0
BVC,Scrypt,PoW,3115258.0,3360000,-0.178979238567536,-1.1232472827310147,0.02369302379282724,BeaverCoin,3
FIND,X13,PoS,14524851.4827,14524851.4827,-0.23458855384304958,1.5656232787922466,-0.2614166406973453,FindCoin,0
VLTC,X11,PoW,30385540.0,1000000000,-0.21286860198764435,-0.8545792223603988,0.0046709280069479045,VaultCoin,3
ZER,Equihash,PoW,6921653.89980891,17000000,-0.13598189332310512,-2.2143226294720106,0.22683003933727827,Zero,3
CHAT,Scrypt,PoW/PoS,1000000000.0,1000000000,-0.3260155780552723,1.0227843660409681,-0.4138991928148529,OpenChat,0
CDN,Scrypt,PoW,99843408.3158479,100000000 ,-0.17710788896125462,-1.1232668054124795,0.023648583111320957,Canada eCoin,3
ZOI,Lyra2RE,PoW,18545757.5,21000000,-0.14786124388209876,-2.178685481637656,0.2989891128298474,Zoin,3
RNS,Scrypt,PoS,36050365.0,34426423,-0.3034818953366776,0.807385164230034,-0.20263291750156354,RenosCoin,0
DBIX,Dagger-Hashimoto,PoW,2232901.0,2232901,-0.1480730047765012,-2.258379320595748,0.42558463409409375,DubaiCoin,3
XVP,X11,PoW/PoS,13162749.0858027,100000000,-0.3858077998671627,1.292133088034569,-0.4323426572251595,VirtacoinPlus,0
TAJ,Blake2S,PoW/PoS,12184195.9258495,36900000,-0.3937746046552939,1.8017695248370886,-0.6452798997077215,TajCoin,0
IMX,X11,PoW/PoS,110630387.850471,110000000,-0.3845436115251634,1.29216049357703,-0.4323762899208097,Impact,0
EB3,Scrypt,PoW,64096052.0,4000000000,-0.14980733621265085,-1.1253800531841631,0.02316289075775476,EB3coin,3
ATMOS,PoS,PoS,111135836.889,110290030,-0.35746278744972176,1.5418509112447227,-0.10738616701507937,Atmos,0
HPC,X11,PoW/PoS,21521322.0099142,100000000,-0.3857054856989294,1.2921359003021715,-0.4323454320694717,HappyCoin,0
CXT,NIST5,PoW,10123200.0,48252000,-0.18242894218525849,-0.6799925280128817,-0.012193225608496401,Coinonat,3
MCRN,PoS,PoS,401421401.0,400000000,-0.35184899474701925,1.5417924903789673,-0.10751949583122568,MacronCoin,0
RAIN,X11,PoW/PoS,121665451.643876,500000000,-0.38163472315405594,1.2919540843118729,-0.4324297092566807,Condensate,0
IMS,Scrypt,PoW/PoS,5368934.0,21212121,-0.34515195669558535,1.0229770652840071,-0.41344412616753123,Independent Money System,0
ARGUS,Scrypt,PoW/PoS,1148324.0,28600000,-0.3451510745044612,1.0229716648461236,-0.41344366756803863,ArgusCoin,0
LMC,Scrypt,PoW/PoS,500000.0,1000000000,-0.33825008412201296,1.0224480811877472,-0.4135673829574341,LomoCoin,0
PROC,SHA-256,PoS,100545745.0,75000000000,0.2695944658951561,0.5932230218499576,-0.07468341756026686,ProCurrency,0
XGR,X11,PoW/PoS,17171382.0,40000000,-0.3861854720398479,1.2921667632201288,-0.43233633323119214,GoldReserve,0
BENJI,Scrypt,PoW,20276099.146524,35520400,-0.17854044344990191,-1.1232588361158766,0.02368322380393743,BenjiRolls,3
GRW,Scrypt,PoS,295135466.361878,2000000000,-0.28633070545784484,0.8064133333327127,-0.20296969417072194,GrowthCoin,0
ILC,SHA-256,PoW,1317747500.0,2500000000,-0.10602405431272816,-1.2979444008665113,0.16047305067243497,ILCoin,3
PHR,PoS,PoS,11390225.9742772,30000000,-0.35925478613167405,1.5418606097457261,-0.10734281052870295,Phreak,0
DEA,Scrypt,PoW/PoS,21358764.0,105000000,-0.34436030334649986,1.0229373023407977,-0.4134601240111699,Degas Coin,0
HTML5,X15,PoW/PoS,40659020000.0,90000000000,0.9114317671519492,1.7865795418307981,-0.5331361035356684,HTML5 Coin,0
USC,SHA-256,PoS,10343113.0,200084200,-0.26351204223036506,0.6334929584738972,-0.06511054500042054,Ultimate Secure Cash,0
EQT,Scrypt,PoW,13673406.4325268,72000000,-0.17836180925635792,-1.1232807118896169,0.023680761693397674,EquiTrader,3
QTUM,POS 3.0,PoS,100000000.0,100000000,-0.3702800289403108,1.5453731017399928,-0.1270906018946323,QTUM,0
QRL,CryptoNight-V7,PoW,69036016.8340164,105000000,-0.14120671574655547,-2.2063705465342816,0.3354090901096355,Quantum Resistant Ledger,3
ESP,536,PoW/PoS,22801882871.0,50000000000,0.6027816065184181,1.8219706978818635,-0.52430009730069,Espers,0
DYN,Argon2d,PoW,19784224.6512734,0,-0.1478448725502713,-2.218009261213573,0.2710971394368511,Dynamic,3
NANO,Blake2b,PoW,133248297.0,340282367,-0.02798207820463614,-2.2451312963435384,0.33695515657040936,Nano,3
CHAN,Cloverhash,PoW,18407259.0885883,30000000,-0.16941670468483805,-2.0932294012096078,0.3427535303076238,ChanCoin,3
DCY,CryptoNight,PoW,1809467143.0,2000000000,0.34561049515861264,-2.3002852362247816,0.2965657980512729,Dinastycoin,3
DNR,NIST5,PoW/PoS,4171382.0,10000000,-0.3491011322372751,1.466259286706909,-0.4493204938136378,Denarius,0
DP,X11,PoW,35138975.0,100000000,-0.21921152222301943,-0.8540927260225013,0.004784171430360306,DigitalPrice,3
VUC,NIST5,PoW/PoS,62942075.0,120000000,-0.34759938483295544,1.4662197950950067,-0.44935403799678486,Virta Unique Coin,0
BTPL,Skein,PoW/PoS,6804362.0,100000000,-0.4121957005371946,1.9070462721276014,-0.5209817926178868,Bitcoin Planet,0
UNIFY,Scrypt,PoW,18133195.0,19276800,-0.1786822039315457,-1.1232508054654684,0.023686007544896512,Unify,3
BRIT,X13,PoW/PoS,21268092.0,30000000,-0.2755964646777075,1.781212314348489,-0.47224393363281014,BritCoin,0
SOCC,Scrypt,PoW,5167775.0, 75000000,-0.17844458649532483,-1.1232851899589407,0.02368320261941921,SocialCoin,3
ARC,X11,PoW,26042364.3735553,60000000,-0.21960736400200964,-0.8540742356260488,0.004792294460874703,ArcticCoin,3
DAS,X11,PoW,2622886.0,18900000,-0.22018635022687338,-0.8540599715506348,0.004805312674843571,DAS,3
LINDA,Scrypt,PoW/PoS,9044930943.24243,50000000000,0.1209640354336802,0.9990911584193476,-0.4228213055673725,Linda,0
XLC,CryptoNight,PoW,14161803.0,54000000,0.3097942212198091,-2.2998408171016673,0.2974100655478128,LeviarCoin,3
ONION,X13,PoW/PoS,21917018.0492836,18898187.6216583,-0.2756674812714788,1.7812185140548236,-0.472242732698157,DeepOnion,0
BTX,Time Travel,PoW,17801865.1605478,21000000,-0.14977442870315583,-2.190467425019616,0.46535607634021,Bitcore,3
GCN,Scrypt,PoW,163055097500.0,200000000000,3.2393230940445608,-1.17614102642947,-0.0559517447386577,gCn Coin,3
SMART,Keccak,PoW,2241009149.22257,5000000000,-0.1157802125845287,-1.2243129125757313,0.10152682160683578,SmartCash,3
SIGT,SkunkHash v2 Raptor,PoS,107972766.0,137500000,-0.3342793050237004,1.4597855457890423,-0.1843721350786265,Signatum,0
ONX,X11,PoW,122475638.389743,1100000000,-0.21103012758249431,-0.8546021158109635,0.004627598379907931,Onix,3
CRM,Skein,PoW/PoS,47331802.4774238,100000000,-0.41169961928017546,1.9070599077097652,-0.5209952467491991,Cream,0
BCH,SHA-256,PoW,17995589.6469082,21000000,-0.1395653206480468,-1.2970460844691205,0.16122080621395082,Bitcoin Cash,3
XMCC,X11,PoW/PoS,12569262.5359307,9507271,-0.3864586794957736,1.292181643527006,-0.43233091519499467,Monoeci,0
DFT,Scrypt,PoS,18663297.3489799,17405891.19707116,-0.3038157797307526,0.8073884845257093,-0.20262497394605455,Draftcoin,0
VET,VeChainThor Authority,Proof of Authority,55454734800.0,86712634466,4.465233861851905,2.749219389132276,3.4423611409857,Vechain,0
SOJ,Scrypt,PoW,485214.0,10500000000,-0.1043557680787627,-1.128903489352445,0.022354741998809113,Sojourn Coin,3
STCN,PoS,PoS,4000000.0,61599965,-0.35912049745769953,1.5418410980267951,-0.10734438865637728,Stakecoin,0
NYC,Scrypt,PoW,143006669741.687,0,1.5714499454096977,-1.0751314861260266,-0.023780273426951264,NewYorkCoin,3
FRAZ,Scrypt,PoW,9704042.0,20000000,-0.17878023840042684,-1.1232540311216572,0.023688713554676024,FrazCoin,3
KRONE,Scrypt,PoW,17453749.4042601,84000000,-0.17823018742035657,-1.1232859052753152,0.02367797575819047,Kronecoin,3
ACC,Scrypt,PoW,32646731.063036,100000000,-0.1779304183814791,-1.1232894139414906,0.023670890785056267,AdCoin,3
LINX,Scrypt,PoW,33716526.0,100000000,-0.1779173234213527,-1.1232890540056897,0.02367053563897772,Linx,3
XCXT,Scrypt,PoW/PoS,19539588.0,48252000,-0.3447861822237212,1.022967264647498,-0.4134522802135809,CoinonatX,0
ETHD,Scrypt,PoW/PoS,4200000.0,4200000,-0.34528726115457525,1.0229858376891714,-0.4134415677136962,Ethereum Dark,0
SUMO,CryptoNight,PoW,8946653.0,88888888,0.30997852612202753,-2.2998613689973606,0.297407345748671,Sumokoin,3
ODN,SHA-512,PoS,25000000.0,91388946,-0.2495074750130532,1.6386002443746253,-0.25505330369615153,Obsidian,0
ADA,Ouroboros,PoS,25927070538.0,45000000000,0.6429785546211354,1.4680130755080611,-0.12073290753080271,Cardano,0
REC,X11,PoW/PoS,7262402.04264803,27000000,-0.3863992245705833,1.2921704333815167,-0.43233138515715297,Regalcoin,0
BTCZ,Equihash,PoW,5211553258.01514,21000000000,0.07696427049081349,-2.2238766200082076,0.22242522906672296,BitcoinZ,3
TZC,NeoScrypt,PoW/PoS,182638400.0,400000000,-0.3423901675944885,0.5162513535637493,-0.19847437473228727,TrezarCoin,0
ELM,X11,PoW,2702855668.85288,1800000000,-0.17446602228906993,-0.8541110811372463,0.0036816689665372607,Elements,3
TER,Scrypt,PoW/PoS,1140734.91680375,15733333,-0.345242679499345,1.0229785945245473,-0.4134420235271476,TerraNovaCoin,0
VIVO,NeoScrypt,PoW,4165967.57499639,27000000,-0.18090040959759754,-1.6298409391815198,0.23876658514767984,VIVO Coin,3
RUP,Lyra2REv2,PoS,24000000.0,24000000,-0.32214756345404455,0.6543287365722119,-0.04083887415367758,Rupee,0
BTG,Equihash,PoW,17202361.088994,21000000,-0.13582760167078203,-2.2143213255943266,0.22682611607326714,Bitcoin Gold,3
WOMEN,Scrypt,PoW/PoS,48459472454.0,25000000000,0.42561423263558856,1.0258216642438773,-0.43271649660928313,WomenCoin,0
MAY,SHA-256,PoW/PoS,92050800.0,100000000,-0.30442423856531253,0.8491694764766872,-0.27594798133043913,Theresa May Coin,0
NAMO,NIST5,PoW/PoS,560563220.0,1200000000,-0.3338268640095791,1.4658053448257333,-0.44965702193587404,NamoCoin,0
LUX,PHI1612,PoW/PoS,8305775.31777569,60000000,-0.38890984080250174,1.8601159713306783,-0.5081271907231248,LUXCoin,0
PIRL,Dagger,PoW,33986980.0,156306732.71,-0.1484968000008622,-2.2567190248133007,0.34640961004015874,Pirl,3
XIOS,Scrypt,PoW/PoS,2149688.0,21000000,-0.3451928709595945,1.0229760964441565,-0.4134430303933519,Xios,0
BTDX,Quark,PoW/PoS,30711550.5294042,200000000,-0.39901592330163504,1.7004990180601391,-0.4577285541920215,Bitcloud 2.0,0
EBST,Scrypt,PoW,99990001.493466,100000000,-0.17710609456893764,-1.1232667560907532,0.023648534445927075,eBoost,3
KEK,POS 2.0,PoS,12330806.30517,21000000,-0.3304783104150928,1.3697061881964927,-0.14411341843363484,KekCoin,0
BLHC,Scrypt,PoW/PoS,16362544.992,14788275.991,-0.34506307657537566,1.0229842251220234,-0.4134469562306204,BlackholeCoin,0
XIN,SHA-256,PoS,8999999990.0,9000000000,-0.09088502523681832,0.6317763861760137,-0.0692175818118967,Infinity Economics,0
PURA,X11,PoW,175215859.0,350000000,-0.21571880862783518,-0.8541802903429351,0.004705774441433238,Pura,3
INN,NeoScrypt,PoW,6375259.04,45000000,-0.18074534438106543,-1.6298498937992043,0.23876355528729776,Innova,3
ELLA,Ethash,PoW,12756367.0,280000000,-0.15476606219728956,-1.9684009295426668,0.3027016351521227,Ellaism,3
GBX,NeoScrypt,PoW,5832306.875,31800000,-0.18084587333276547,-1.629842964654025,0.2387654195822205,GoByte,3
MAG,X11,PoW/PoS,38198594.8342105,144000000,-0.3851884025095641,1.2921178053449505,-0.4323565820142783,Magnet,0
TAU,DPoS,DPoS,288090567.493887,500000000,3.654461446488862,2.010763900889591,0.13431258202328067,Lamden Tau,0
ECA,NIST5,PoW/PoS,28399150208.0,30000000000,0.21177024648713247,1.4596550181923678,-0.46257304675279887,Electra,0
BCD,X13,PoW/PoS,183534024.889807,210000000,-0.27233000696756626,1.7811699298153392,-0.47232076629285397,Bitcoin Diamond,0
XSH,Multiple,PoW,481730566.566176,660000000,-0.11362944746085685,-1.853753359888635,0.26891799482817963,SHIELD,3
CNBC,Scrypt,PoW/PoS,110976977.29338,210000000,-0.3425165246673949,1.0229108833444902,-0.41350327092900435,Cash & Back Coin,0
XUN,CryptoNight,PoW,19281821413.4924,85000000000,1.1498072072617294,-2.3391248904801465,0.2801763092852909,UltraNote,3
COAL,CryptoNight,PoW,4500000.0,12500000,0.30938079262337925,-2.299821708704212,0.29741856757762486,BitCoal,3
DAXX,Ethash,PoW,520891780.0,10000000000,-0.07941422967824496,-1.9734668537425872,0.3012928748194827,DaxxCoin,3
BWK,NIST5,PoS,13247178.8807286,27716121,-0.30766351890969174,1.250657690905616,-0.23850268693833132,Bulwark,0
KLKS,Quark,PoS,16955764.902064,20000000,-0.3592640069580536,1.484996264902447,-0.24687794328113707,Kalkulus,0
AC3,X11,PoW,80316207.0,550000000,-0.21545797197661237,-0.8543199745186856,0.004711762956069636,AC3,3
LTHN,CryptoNight-V7,PoW,441250233.377,999481516,-0.13028872466126093,-2.2067272377265117,0.3351714065762458,Lethean,3
GER,Scrypt,PoW/PoS,4911500269.41,50000000000,0.07036825488795267,0.9977004529391598,-0.42144910642526767,GermanCoin,0
LTCU,Scrypt,PoW/PoS,8419402.321,150000000,-0.34419863397554573,1.0229087040012086,-0.4134615695280892,LiteCoin Ultra,0
POP,Scrypt,PoW,3964201248.87125,4999999999,-0.09495526648773503,-1.1246066252565827,0.021740570650436764,PopularCoin,3
PNX,X11,PoW/PoS,45174214.1078625,50000000,-0.3857715764426885,1.2921707971144551,-0.43234690528893105,PhantomX,0
PHO,BLAKE256,PoW,30089671530.5228, 90000000000,1.1124469508530666,-1.2998979013279994,0.058034666139122455,Photon,3
SUCR,X11,PoW,4229040.50393462,19800000,-0.22016028878442512,-0.8540599160520357,0.004804664648895322,Sucre,3
SPK,NeoScrypt,PoW,7847417.33355824,21000000,-0.1808980203816148,-1.6298364678995443,0.23876612847161088,SparksPay,3
WAGE,Quark,PoS,27299680.0,120000000,-0.3584261570405638,1.4849458676967544,-0.2468941351498752,Digiwage,0
GUN,NeoScrypt,PoW,299797953.0,500000000,-0.17391755248841909,-1.6299963132175646,0.23860809741898137,GunCoin,3
IRL,Scrypt,PoW,45483049.3398182,64000000,-0.17802933801564852,-1.1232656992414718,0.023671222295405848,IrishCoin,3
TROLL,Scrypt,PoW/PoS,591022748.0,900000000,-0.3317329497123654,1.0227006418327642,-0.4137506643071151,Trollcoin,0
LCP,Scrypt,PoW/PoS,2504486.227718,4000000,-0.34530943777301865,1.022985374983236,-0.4134409793282009,Litecoin Plus,0
MONK,X11,PoS,4407252.0,21000000,-0.3452763306031077,1.0765776010170949,-0.22150659180745794,Monkey Project,0
PCOIN,X11,PoW,8478104.33969947,23000000,-0.22008551809618798,-0.8540602105197507,0.004802845808295565,Pioneer Coin,3
UBTC,SHA-256,PoW,20166000.0,20166000,-0.13954468515669513,-1.2970449048899582,0.16122019209134847,UnitedBitcoin,3
ITZ,C11,PoW,11916588.09471,23000000,-0.1810990977103455,-1.2540227964681065,0.06737142022959194,Interzone,3
TPAY,POS 3.0,PoS,20445861.5344251,25000000,-0.3717872468643478,1.5453867435909363,-0.12705462338818,TokenPay,0
MCT,Ethash,PoS,1618033.0,1618033,-0.2820091073977353,-0.03761658833183834,0.07642980441171547,1717 Masonic Commemorative Token,0
MBC,Scrypt,PoW and PoS,9399342.52839847,30000000,-0.3323336296399322,0.16419513414591844,-0.18959742674982402,My Big Coin,0
TRTL,CryptoNight,PoW,53139835213.77,1000000000000,8.072040849009442,-2.820711904681878,0.152201126700501,TurtleCoin,3
MUN,SkunkHash,PoW,4818338.98949984,16600000,-0.16160860881229305,-2.207719799197744,0.44177513814703423,MUNcoin,3
USX,Scrypt,PoW/PoS,234846265.782157,232000000,-0.3408438155252125,1.0229407065095777,-0.41354719928729355,Unified Society USDEX,0
NBR,CryptoNight,PoW,133932467.774108,336000000,0.3132659688258507,-2.2999524542953877,0.2973343271927695,Niobio Cash,3
SSS,Scrypt,PoW,10000000000.0,10000000000,0.014488386809904136,-1.1252697345676663,0.019098934318621946,ShareChain,3
TRF,Dagger,PoW,107325266.027783,100000000,-0.14799956602310438,-2.256664013290588,0.3463924470791465,Travelflex,3
KREDS,Lyra2REv2,PoW,643795911.540095,1100000000,-0.18178123827106238,-1.2766805561613752,0.18512913735255868,KREDS,3
TOKC,X13,PoS,230298925.0,800000000,-0.22636077835709456,1.5652726826808192,-0.2615884829163798,Tokyo Coin,0
BBP,Proof-of-BibleHash,POBh,1772091549.88818,5200000000,-0.206449047842958,2.6138981108051187,18.667196069025895,BiblePay,1
LCC,SHA-256 + Hive,PoW + Hive,638382332.208514,840000000,-0.35585698415153494,2.640242186992441,12.452327238200809,LitecoinCash,1
FLIP,Scrypt,PoW,12446100.00278,40000000,-0.17860442710940871,-1.1232638840373546,0.02368525166989662,BitFlip,3
LOT,Scrypt,PoW,14491014421.0,18406979840,0.12925450846120418,-1.1282881851079405,0.01653546866858378,LottoCoin,3
CIF,X11,PoW,211297638.500483,500000000,-0.21421029416964152,-0.8542489666887743,0.0046746592540128735,Crypto Improvement Fund,3
SPD,C11,PoW/PoS,11251342.1879021,19340594,-0.3474605425470781,0.8922121593283765,-0.3697620162917538,Stipend,0
POA,Proof-of-Authority,PoA,204479039.0,252460800,-0.33246303727591436,2.832705476417281,-6.402262015073515,Poa Network,0
PUSHI,X11,PoW/PoS,2167827.1,25000000,-0.38647581003737014,1.2921697968450427,-0.43232943872255425,Pushi,0
ELP,XEVAN,PoW/PoS,419275.38,60000000,-0.2449197896552239,1.272947570002304,-0.43251774295684137,Ellerium,0
VLX,Scrypt,PoS,25570013.1348022,124000000,-0.3029731037474744,0.8073333781261962,-0.20264086602000989,Velox,0
ONT,VBFT,PoS,650848625.0,1000000000,-0.3040829177769961,1.4310895565075767,-0.16637684864255894,Ontology,0
CLO,Ethash,PoW,247612453.0,6500000000,-0.10765252692886654,-1.9716730887413674,0.3018301248123581,Callisto Network,3
TUBE,CryptoNight,PoW,80049082.9057215,1000000000,0.3173289956555926,-2.3003283297794583,0.29726750246151534,BitTube,3
PSD,Scrypt,PoW,4070212.1493016,21000000,-0.17884208766754267,-1.1232564654155397,0.02369045627071539,Poseidon,3
ADK,IMesh,PoW,25000000.0,25000000,-0.1344125540548246,-2.213564863434196,0.22804997039491415,Aidos Kuneen,3
BSX,NIST5,PoW/PoS,13787854.6277781,50000000,-0.3486989270217575,1.4662409712196278,-0.44932878942577936,Bitspace,0
BRIA,Scrypt,PoW/PoS,845637.81347436,3000000,-0.3453368554558532,1.0229853556330564,-0.4134403010512085,Briacoin,0
IC,Scrypt,PoW/PoS,1182153.5,5000000,-0.34531851161471383,1.0229843913058398,-0.41344066792506345,Ignition,0
BTL,Equihash,PoW,71355477.0,70000000,-0.134816228992046,-2.214329505561113,0.22680188715683322,Bitrolium,3
MEDIC,Scrypt,PoS,267297676.3125,500000000,-0.29733996620713465,0.8072121289392694,-0.20276908361514637,MedicCoin,0
ALPS,Lyra2Z,PoW,27340501.6514783,300000000,-0.15259260410050327,-2.1824234967279175,0.29774422628417113,Alpenschillling,3
BITG,Green Protocol,PoS,9803691.3618195,21000000,-0.35964513050364555,1.5042591327700066,-0.08491197830719625,Bitcoin Green,0
DEV,PoS,PoS,21876586.8530324,88000000,-0.3587139108339394,1.5418328889944255,-0.107353691351713,Deviant Coin,0
ABJ,Scrypt,PoW/PoS,9880502.37178894,30000000,-0.3450342298966845,1.0229738485301605,-0.41344674505147816,Abjcoin,0
SEM,Semux BFT consensus,DPoS,1231147.0,100000000,3.8349614766563955,1.9485136105784757,0.18697442021850968,Semux,0
FTO,X11,PoW,31801461.1867843,100000000,-0.21925237548264495,-0.8540938489393024,0.004785279404329867,FuturoCoin,3
CARE,Quark,PoW/PoS,139739596.506702,200000000,-0.397681351725893,1.7005357008819881,-0.4577647488697506,Carebit,0
NZL,PoS,PoS,11075254.0929996,80000000,-0.3589030246260579,1.5418335650485748,-0.10734908493503621,Zealium,0
XMC,CryptoNight,PoW,16016864.0,18400000,0.30956372905380264,-2.2998210125892693,0.297413991538575,Monero Classic,3
PROTON,X16R,PoS,4403800.0,45000000,-0.31698329507297146,0.6409417435251373,-0.052591516905317034,Proton,0
DEAL,Scrypt,PoW/PoS,1404157529.46026,5121951220,-0.2917517216002983,1.0206995439702449,-0.41455923936551214,iDealCash,0
JUMP,NIST5,PoW,21069346.2522598,21000000,-0.18248877996587343,-0.6799741624661936,-0.012193382671175514,Jumpcoin,3
INFX,Lyra2RE,PoW,5097689.71077377,26280000,-0.14798830350459624,-2.178692851010724,0.2989929036443525,Infinex,3
XBI,XEVAN,PoS/PoW,10904963.0923455,21000000,-0.14234742677642992,0.7517256517392853,-0.29728072854348736,Bitcoin Incognito,0
KEC,Tribus,PoW,795447.0,18000000,-0.15996475211607622,-2.2053627904162325,0.3508754823872997,KEYCO,3
HWC,Scrypt,PoS,38706809.466535,26000000,-0.3035093103708691,0.8073905979406081,-0.20263272433907328,HollyWoodCoin,0
GIN,Lyra2Z,PoW,6986399.70430446,10500000,-0.15490077324881382,-2.1822743697168696,0.2977879175871376,GINcoin,3
PLTC,CryptoNight,PoW,84300.0,600000518,0.3135052446388024,-2.3001397246648905,0.29734508052694975,PlatinCoin,3
LOKI,CryptoNight Heavy,PoW,19153632.0,150000000,0.5840411730205969,-2.271275671930008,0.291727887719934,Loki,3
NCP,CryptoNight,PoW,41294520017.0,184000000000,2.123378004776746,-2.3850573235468633,0.26023826566650493,Newton Coin,3
SIC,Scrypt,PoW/PoS,10200000000.0,10200000000,-0.14796829495265612,1.0209230091786794,-0.4181271009597001,Swisscoin,0
XT3,Scrypt,PoS,7630000.0154,44000000,-0.30376168787929614,0.807370444111758,-0.20262470401796542,Xt3ch,0
MGD,Jump Consistent Hash,PoW,135862416.039898,168000000,-0.13518114885446963,-2.0456874329252583,0.21696099026352825,MassGrid,3
VIG,SHA-256D,PoW/PoS,33238183.7225834,100000000,-0.34505373137007794,1.9157409849778253,-0.5606795333214294,TheVig,0
PLURA,CryptoNight,PoW,560085952.404637,1000000000,0.32320494762372015,-2.3001668198963174,0.29710814181596884,PluraCoin,3
EMAR,Scrypt,PoW/PoS,21599339.6728,84000000,-0.34450671767224167,1.0229486975472588,-0.4134575247093387,EmaratCoin,0
DKD,X15,PoS,30284196.369129,90000000,-0.18415930647917467,1.6057559874578073,-0.297354601833,Dekado,0
LYNX,Scrypt,HPoW,77872059787.8998,92000000000,2.2266189701191506,0.2702541998666668,-0.22737521358671467,Lynx,0
POSQ,Quark,PoS,2716264.95302831,650000000 ,-0.35495753367670496,1.484652046057798,-0.24695359112541448,Poseidon Quark,0
BWS,SHA-256,PoS,57811001.000889,100262205,-0.2636409734338371,0.6335627107342374,-0.06511356796365579,BitcoinWSpectrum,0
MUSE,DPoS,PoS,18194936.0,18081806 ,0.9762978986007382,1.7544123750028129,0.008546971919671662,Muse,0
XMN,X16R,PoW,8125865.02097646,22075700,-0.19197402201659797,-1.2896827567855573,0.1737212163263364,Motion,3
PLUS1,HMQ1725,PoW,8645406.16776286,21000000,-0.14048229318153957,-2.2859824890189464,0.31593032032409757,PlusOneCoin,3
AXE,X11,PoW,4993030.69736615,21000000,-0.22014240225889975,-0.8540603055345554,0.004804257927339675,Axe,3
TRVC,X16R,PoW/PoS,36923120.6205934,82546564,-0.3575187111485669,0.8565275600075626,-0.2634301827344385,Trivechain,0
DTEM,Quark,PoS,7082392.24744494,21000000,-0.35937775088465396,1.4849924042013316,-0.2468747931392916,Dystem,0
GIC,Quark,PoW/PoS,5919489.76813523,5151000,-0.40070522583045365,1.7005956563631737,-0.45769546511056014,Giant,0
PNY,Scrypt,PoS,1042012.45227735,16880000000,-0.18409898662837554,0.7982974204542155,-0.20477044353813145,Peony Coin,0
ABS,Lyra2REv2,PoW/PoS,13332617.9413708,52500000,-0.36327595405325136,0.869904896813311,-0.25166204888557275,Absolute Coin,0
VITAE,Quark,PoS,66053877.6256106,100000000,-0.35809402817026886,1.4849696821554559,-0.24690444901963665,Vitae,0
HEX,Scrypt,PoW,1416663.06600024,22105263,-0.17886670776511882,-1.1232579536977965,0.023691196176138317,HexCoin,3
TPC,Scrypt,PoW/PoS,5403802.49590733,1000000000,-0.3381900585078197,1.0224497310871998,-0.4135690109014132,TPCash,0
WEBC,CryptoNight-V7,PoW,15580199.3087496,1750000000,-0.1301612504943319,-2.207274815924758,0.33521696805692514,Webchain,3
RYO,Cryptonight-GPU,PoW,4890897.0,88188888,-0.1557341729522154,-2.1847379574398675,0.41667356573817915,Ryo,3
URALS,XEVAN,PoW,14746153.0962884,210000000,-0.07735029394821603,-0.8733616338732012,0.004592488189343849,Urals Coin,3
QWC,CryptoNight Heavy,PoW,99553110528.8022,184470000000,3.113345508191472,-2.3370940773459496,0.23516958548069972,Qwertycoin,3
ARE,X11,PoS,19269509.94,55000000,-0.3448525877245622,1.0765642831373046,-0.221515863417286,ARENON,0
EUNO,X11,PoW/PoS,30771125.9760867,50000000,-0.3859478792632268,1.2921659511510948,-0.43234212381157283,EUNO,0
MMO,Scrypt,PoS,107763867.917675,260000000,-0.3009997213525916,0.8072877591727896,-0.2026855031911732,MMOCoin,0
KETAN,PoS,PoS,9327131.59708692,210000000,-0.3579998186476855,1.5417629362052592,-0.10736508992100653,Ketan,0
PPAI,SHA-256,PoW,2100000000.0,2100000000,-0.09929372939534213,-1.2974656998126017,0.1602643934925952,Project Pai,3
XDNA,Keccak,PoW/PoS,4672513.84432375,366000000,-0.3424402284069989,0.9236645540321647,-0.33427368999682283,XDNA,0
PAXEX,X11,PoS,4504639.0,100000000,-0.34471326373042516,1.0765350705995018,-0.22151670290922518,PAXEX,0
AZART,X11,PoW,5015881.37315389,25000000,-0.2201136731956161,-0.8540624529442864,0.004803740023915978,Azart,3
TSC,Scrypt,PoW/PoS,1059954080.43439,18000000000,-0.2043719365867951,1.013645371652772,-0.4160879457138911,ThunderStake,0
KCASH,SHA-512,Zero-Knowledge Proof,1000000000.0,1000000000,-0.0897777154537035,1.9629707146573232,-0.4255101820620008,Kcash,0
XCG,X16R,PoW,9753753.61515394,100000000,-0.19139987158897734,-1.2897241927014693,0.17371073437215606,Xchange,3
AAC,ECC 256K1,DPOS,1000000000.0,1000000000,-0.32393572281608723,3.355857211108248,18.451034802149977,Acute Angle Cloud,1
CRYP,Equihash,PoW,4235111504.0,7600000000,-0.03029333314285161,-2.2169855688405584,0.2244589479398837,CrypticCoin,3
BTXC,XEVAN,PoS,6787405.18013774,50000000,-0.20371244632189425,1.0573599959367022,-0.2216955011957176,Bettex coin,0
ACM,Lyra2Z,PoW,13634850.0,84000000,-0.1542966351233981,-2.182311732749413,0.29777633337722775,Actinium,3
BSV,SHA-256,PoW,17992514.6469233,21000000,-0.1395653582879727,-1.2970460855037136,0.16122080723477644,Bitcoin SV,3
BITM,XEVAN,Pos,208515864.367343,70000000000,0.7297084921872173,0.5253794406993805,-0.3188269887545679,BitMoney,0
JMC,X11,PoS,17209923728.3266,0,-0.1348193908653225,1.0823777642884604,-0.22721572851707492,Junson Ming Chan Coin,0
FRED,CryptoNight,PoW,1867054873.28397,8080000000,0.3895584272312726,-2.30354160948081,0.295770997638041,FREDEnergy,3
HERB,Quark,PoW/PoS,35312185.7437239,54000000,-0.3999980101643725,1.7005792270317892,-0.45771145490116805,HerbCoin,0
UMO,Blake,PoW,1578281.31341127,105120001.44,-0.14593432328747458,-2.1404808608166364,0.31818175133789245,Universal Molecule,3
LIT,Blake,PoW,15846721.2482747,25228800,-0.14632788196692315,-2.140433016815737,0.3181872070310532,Lithium,3
PIRATE,Equihash,PoS,13475920.0,105000000,-0.2604025371992367,-0.2837297327843491,0.0005055922939477728,PirateCash,3
EXO,Exosis,PoW,406091.925,21000000,-0.18280925790698027,-2.199380656314878,0.49415064388836966,Exosis,3
BLTG,Scrypt,PoW,35284717.173946,120000000,-0.17775588099560602,-1.1232993018724962,0.023667463449631165,Block-Logic,3
OWC,Scrypt,PoW/PoS,14777549.3940764,21000000,-0.3450382980262921,1.0229803451270136,-0.413447222538313,Oduwa,0
BEAM,Equihash,PoW,35687520.0,262800000,-0.133881568134536,-2.214445381874421,0.22678913075104315,Beam,3
GALI,Quark,PoW/PoS,18265011.2486006,19035999,-0.40045535409221744,1.7005923291688112,-0.45770133496516185,Galilel,0
BTH,Equihash,PoW,25150787.5,30886000,-0.13565999536769538,-2.214323977646269,0.2268222161378626,Bithereum,3
CSPN,Quark,PoS,1934701.67524713,13370000,-0.3594950289895706,1.4849947830942503,-0.24687211079963356,Crypto Sports,0
CREDIT,Scrypt,PoW/PoS,30825710000.0296,74800000000,0.5639604256642298,0.9930577615622694,-0.43321596692424075,Credit,0
SLC,QuBit,PoW,12925790.4226959,100000000,-0.1777011513439911,-1.6560209885532746,0.170984407820094,SLICE,3
DASHP,X11,PoS,715659.44237941,19700000,-0.34533076404927954,1.0765770593762305,-0.22150520043469385,Dash Platinum,0
NSD,Scrypt,PoW/PoS,20546528.2059957,84000000,-0.34451960474405546,1.022948343325598,-0.4134571752013617,Nasdacoin,0
BEET,XEVAN,PoW/PoS,198938144.363399,500000000,-0.23936036511376294,1.272777301516916,-0.43263978135681724,Beetle Coin,0
TTN,SHA-256D,PoW/PoS,896361168.0,5000000000,-0.2996381034435693,1.913391390422704,-0.5615912083039609,Titan Coin,0
AWR,X11,PoW/PoS,15420234.5389336,420000000,-0.3835042182952683,1.2919614397395947,-0.4323842320598954,Award,0
BLAST,SHA-256,PoW,52293836.6277958,64000000,-0.13883965803675496,-1.29705771202084,0.16120393411074027,BLAST,3
XRC,X13,PoW,1170292.5,2100000,-0.10971363372193349,-0.36501262383607846,-0.03509957795221678,Bitcoin Rhodium,3
GLT,SHA-256,PoW,84613099.9999955,168000000,-0.13770436673477235,-1.2971028706508378,0.16117993663963098,GlobalToken,3
INSN,X11,PoW/PoS,23775960.3207514,30000000,-0.3861757512559736,1.2921743730956237,-0.43233724999778517,Insane Coin,0
ALX,DPoS,DPoS,1000000000.0,1000000000,3.6667318334558687,2.010734037771751,0.13401245559372055,ALAX,0
LDOGE,Scrypt,PoW/PoS,15318887081.0146,35000000000,0.09107610081969728,1.009283667451715,-0.4229904166429274,LiteDoge,0
SLR,Scrypt,PoW,55565076.3863525,98100000000,0.5193593556416287,-1.1760816018214955,0.01116050244414357,SolarCoin,3
TRK,X11,PoW/PoS,242574105.22384,0,-0.38371089508683404,1.2922641516396567,-0.43240605831526485,TruckCoin,0
UFO,NeoScrypt,PoW,3824685012.0,4000000000,-0.10587753985629206,-1.63069606478318,0.23699139220055726,UFO Coin,3
OC,Scrypt,PoW/PoS,3537150.0,200000000,-0.34390277884336456,1.0228801226284872,-0.4134663277076374,OrangeCoin,0
BLC,Blake,PoW,23356790.1494191,7000000000,-0.09662901557907604,-2.144188318741228,0.31729487682987917,BlakeCoin,3
BITS,Scrypt,PoW/PoS,20576532.0,54256119,-0.34473078604886687,1.0229643786644216,-0.413453390455768,BitstarCoin,0
NEOS,SHA-256,PoS,4392258.24647793,21000000,-0.2648585919912741,0.6335874422868315,-0.0650857220077838,NeosCoin,0
HYPER,Scrypt,PoW/PoS,9631199.99309942,0,-0.34525065168919866,1.0229899278859425,-0.41344283490747646,HyperCoin,0
PINK,X11,PoW/PoS,436353624.490312,500000000,-0.37778274280405977,1.2920599621167912,-0.4325341781288803,PinkCoin,0
CESC,Scrypt,PoW,780210700.0,1000000000,-0.16237866188539227,-1.123522790771876,0.023307896155506998,Crypto Escudo,3
ADC,Scrypt,PoW/PoS,980732528.97974,10500000000,-0.25868420180965207,1.0176595259015675,-0.4151048006639198,AudioCoin,0
NKA,SHA-256,PoW/PoS,17939725045.334,190000000,-0.08531741585174613,0.8551258917400877,-0.2818844602203102,IncaKoin,0
PIGGY,X11,PoW/PoS,494240666.028571,1000000000,-0.37351799956899956,1.2918100511512776,-0.43261718492232665,Piggy Coin,0
CRW,SHA-256,PoW,22986929.0854247,42000000,-0.13935486440417566,-1.2970557193816283,0.1612164700426774,Crown Coin,3
GEN,Scrypt,PoW/PoS,60000000.0,15000000,-0.3445274209394883,1.0229987930066613,-0.4134614698232545,Genstake,0
SMLY,Scrypt,PoW,29583989322.9213,50000000000,0.5387022501283985,-1.1402316201593883,0.007494347396216084,SmileyCoin,3
MI,Scrypt,PoW/PoS,404316475.545465,400000000,-0.3375745210236216,1.022907211171304,-0.4136248926405893,XiaoMiCoin,0
GRS,Groestl,PoW,73298203.8873662,105000000,-0.19865938145857243,-1.2798920010615782,0.12245480322143434,Groestlcoin,3
CPC,X11,PoW/PoS,201364327.427503,208000000,-0.38273596203170096,1.2921382213916115,-0.4324189141771058,CapriCoin,0
CLUB,Scrypt,PoW/PoS,103621876.167052,160000000,-0.3429621726710041,1.0229353474219565,-0.4134944502437006, ClubCoin,0
RADS,PoS,PoS,3821245.74150193,9000000,-0.3594967943134493,1.541869377403051,-0.1073376186429485,Radium,0
BTA,Scrypt,PoW,5052555.91981545,5000000,-0.1789438605912664,-1.1232475145113066,0.02369217142651647,Bata,3
PAK,Scrypt,PoW,69684455.4387001,182000000,-0.17689384162310823,-1.12332113199224,0.023648133645397966,Pakcoin,3
CRB,X11,Proof of Trust,16901016.6609755,16504333,-0.35297133417282994,1.0584845107792815,-0.38934649744840477,Creditbit ,0
OK,SHA-256,PoW/PoS,74676064.9488608,105000000,-0.3046013545096505,0.8491609368211799,-0.2759428512350218,OKCash,0
LSK,DPoS,DPoS,120012140.0,159918400,3.6499852855691075,2.0108905776714816,0.1344117674036601,Lisk,0
XHI,Scrypt,PoS,10000244677.7002,10008835635,-0.11057253419487269,0.8053636909789625,-0.20721331835254386,HiCoin,0
XWC,Scrypt,PoW/PoS,252005564.19257,300000000,-0.3401501359005492,1.022909843143882,-0.41356157115825903,WhiteCoin,0
FSC,NeoScrypt,PoW/PoS,1120385.00502,60168145,-0.3470290612123966,0.5163733739988019,-0.19837075959580067,FriendshipCoin,0
J,Multiple,PoW,3332922.5,2800000,-0.12415956358852387,-1.8535602356624985,0.2691606564641366,JoinCoin,3
TRI,X13,PoW/PoS,140777.753365,120000,-0.27606759293235217,1.7812213045799403,-0.4722331078026958,Triangles Coin,0
VOLLAR,Equihash+Scrypt,PoW,100000000.0,2100000000,-0.12927230915481058,-2.1910563576176547,0.2780964205514089,Vollar,3
EOS,DPoS,DPoS,1020544523.0722,0,3.6598709721122478,2.011279724517647,0.13413321469610132,EOS,0
RCC,Ethash,PoW,24487944.0958204,24487944,-0.15643974875070954,-1.9682593190428699,0.3027303386235775,Reality Clash,3
OXY,DPoS,DPoS,1122382283.37,0,3.661117530087423,2.011313988145733,0.1340994070195386,Oxycoin,0
TCH,SHA-256,PoS,1000000000.0,1000000000,-0.2457087495514699,0.6333949573639772,-0.06554113995013149,TigerCash,0
WAVES,Leased POS,LPoS,100000000.0,100000000,-0.36580369085464554,3.8878807351003117,11.186206887416127,Waves,1
PART,PoS,PoS,9283137.5558676,8634140,-0.35943253945683235,1.5418714121894035,-0.10733938518290623,Particl,0
BTT,TRC10,DPoS,989988713439.649,990000000000,34.09672229298182,1.6079576151665735,-0.8118973213657492,BitTorrent,2
NXT,PoS,PoS/LPoS,1000000000.0,1000000000,-0.36662388984610933,1.688188539196145,0.07462870035734183,Nxt,0
ZEPH,SHA-256,DPoS,1999999995.3056,2000000000,2.4450765065969446,0.8897129998580022,0.059915996580477304,ZEPHYR,0
GAP,Scrypt,PoW/PoS,14931046.1546605,250000000,-0.34340769345878847,1.022857017416047,-0.41347648917533486,Gapcoin,0
BDX,CryptoNight,PoW,980222595.0,1400222610,0.331194202241953,-2.3002410933567163,0.29691760644331866,Beldex,3
ZEN,Equihash,PoW,7296537.5,21000000,-0.1359488551563205,-2.2143246584391805,0.22682940456742756,Horizen,3
XBC,Scrypt,PoS,128326.99633965,1000000,-0.3041593436404591,0.8073910874533141,-0.2026167277300484,BitcoinPlus,0
